<metadata xml:lang="en"><Esri><CreaDate>20220303</CreaDate><CreaTime>14093900</CreaTime><ArcGISFormat>1.0</ArcGISFormat><SyncOnce>FALSE</SyncOnce><DataProperties><itemProps><itemLocation><linkage Sync="TRUE">file://C:\temp\2022\RasterMethods\RasterInputs\LANDSAT8.tif</linkage><protocol Sync="TRUE">Local Area Network</protocol></itemLocation><itemName Sync="TRUE">LANDSAT8.tif</itemName><imsContentType Sync="TRUE">002</imsContentType><nativeExtBox><westBL Sync="TRUE">363000.000000</westBL><eastBL Sync="TRUE">681000.000000</eastBL><southBL Sync="TRUE">7425000.000000</southBL><northBL Sync="TRUE">7777500.000000</northBL><exTypeCode Sync="TRUE">1</exTypeCode></nativeExtBox></itemProps><copyHistory><copy source="C:\Users\User\Google Drive\earthengine\False_Color_Landsat.tif" dest="\\LAPTOP-3LARM5PJ\C$\temp\2022\RasterMethods\False_Color_Landsat.tif" date="20220303" time="14093900"></copy></copyHistory><lineage><Process ToolSource="c:\program files\arcgis\pro\Resources\ArcToolbox\toolboxes\Data Management Tools.tbx\Copy" Date="20220303" Time="140939">Copy "C:\Users\User\Google Drive\earthengine\False_Color_Landsat.tif" C:\temp\2022\RasterMethods\False_Color_Landsat.tif "Raster Dataset" #</Process><Process ToolSource="c:\program files\arcgis\pro\Resources\ArcToolbox\toolboxes\Data Management Tools.tbx\Rename" Date="20220303" Time="141210">Rename C:\temp\2022\RasterMethods\False_Color_Landsat.tif C:\temp\2022\RasterMethods\LANDSAT_Data.tif RasterDataset</Process><Process Name="Clip Raster" ToolSource="c:\program files\arcgis\pro\Resources\ArcToolbox\toolboxes\Data Management Tools.tbx\Clip" Date="20220303" Time="145333">Clip LANDSAT_Data.tif "363030.9859 7425117.3042 680996.0563 7777118.1888" C:\temp\2022\RasterMethods\RasterMethods.gdb\Raster_Clip1 StudyArea 256 NONE NO_MAINTAIN_EXTENT</Process><Process ToolSource="c:\program files\arcgis\pro\Resources\ArcToolbox\toolboxes\Data Management Tools.tbx\CopyRaster" Date="20220303" Time="145945">CopyRaster C:\temp\2022\RasterMethods\RasterMethods.gdb\Raster_Clip1 C:\temp\2022\RasterMethods\RasterInputs\LANDSAT8.tif # # 255 NONE NONE # NONE NONE "TIFF format" NONE CURRENT_SLICE NO_TRANSPOSE</Process></lineage><coordRef><type Sync="TRUE">Projected</type><geogcsn Sync="TRUE">GCS_WGS_1984</geogcsn><csUnits Sync="TRUE">Linear Unit: Meter (1.000000)</csUnits><projcsn Sync="TRUE">WGS_1984_UTM_Zone_8N</projcsn><peXml Sync="TRUE">&lt;ProjectedCoordinateSystem xsi:type='typens:ProjectedCoordinateSystem' xmlns:xsi='http://www.w3.org/2001/XMLSchema-instance' xmlns:xs='http://www.w3.org/2001/XMLSchema' xmlns:typens='http://www.esri.com/schemas/ArcGIS/2.9.0'&gt;&lt;WKT&gt;PROJCS[&amp;quot;WGS_1984_UTM_Zone_8N&amp;quot;,GEOGCS[&amp;quot;GCS_WGS_1984&amp;quot;,DATUM[&amp;quot;D_WGS_1984&amp;quot;,SPHEROID[&amp;quot;WGS_1984&amp;quot;,6378137.0,298.257223563]],PRIMEM[&amp;quot;Greenwich&amp;quot;,0.0],UNIT[&amp;quot;Degree&amp;quot;,0.0174532925199433]],PROJECTION[&amp;quot;Transverse_Mercator&amp;quot;],PARAMETER[&amp;quot;False_Easting&amp;quot;,500000.0],PARAMETER[&amp;quot;False_Northing&amp;quot;,0.0],PARAMETER[&amp;quot;Central_Meridian&amp;quot;,-135.0],PARAMETER[&amp;quot;Scale_Factor&amp;quot;,0.9996],PARAMETER[&amp;quot;Latitude_Of_Origin&amp;quot;,0.0],UNIT[&amp;quot;Meter&amp;quot;,1.0],AUTHORITY[&amp;quot;EPSG&amp;quot;,32608]]&lt;/WKT&gt;&lt;XOrigin&gt;-5120900&lt;/XOrigin&gt;&lt;YOrigin&gt;-9998100&lt;/YOrigin&gt;&lt;XYScale&gt;450445547.3910538&lt;/XYScale&gt;&lt;ZOrigin&gt;-100000&lt;/ZOrigin&gt;&lt;ZScale&gt;10000&lt;/ZScale&gt;&lt;MOrigin&gt;-100000&lt;/MOrigin&gt;&lt;MScale&gt;10000&lt;/MScale&gt;&lt;XYTolerance&gt;0.001&lt;/XYTolerance&gt;&lt;ZTolerance&gt;0.001&lt;/ZTolerance&gt;&lt;MTolerance&gt;0.001&lt;/MTolerance&gt;&lt;HighPrecision&gt;true&lt;/HighPrecision&gt;&lt;WKID&gt;32608&lt;/WKID&gt;&lt;LatestWKID&gt;32608&lt;/LatestWKID&gt;&lt;/ProjectedCoordinateSystem&gt;</peXml></coordRef><RasterProperties><General><PixelDepth Sync="TRUE">8</PixelDepth><HasColormap Sync="TRUE">FALSE</HasColormap><CompressionType Sync="TRUE">LZW</CompressionType><NumBands Sync="TRUE">11</NumBands><Format Sync="TRUE">TIFF</Format><HasPyramids Sync="TRUE">TRUE</HasPyramids><SourceType Sync="TRUE">continuous</SourceType><PixelType Sync="TRUE">unsigned integer</PixelType><NoDataValue Sync="TRUE">255</NoDataValue></General></RasterProperties></DataProperties><SyncDate>20220303</SyncDate><SyncTime>14594500</SyncTime><ModDate>20220303</ModDate><ModTime>14594500</ModTime></Esri><dataIdInfo><envirDesc Sync="TRUE">Microsoft Windows 10 Version 10.0 (Build 19043) ; Esri ArcGIS 12.9.0.32739</envirDesc><dataLang><languageCode value="eng" Sync="TRUE"></languageCode><countryCode value="USA" Sync="TRUE"></countryCode></dataLang><idCitation><resTitle Sync="TRUE">LANDSAT8.tif</resTitle><presForm><PresFormCd value="005" Sync="TRUE"></PresFormCd></presForm></idCitation><spatRpType><SpatRepTypCd value="002" Sync="TRUE"></SpatRepTypCd></spatRpType><dataExt><geoEle><GeoBndBox esriExtentType="search"><exTypeCode Sync="TRUE">1</exTypeCode><westBL Sync="TRUE">-138.602633</westBL><eastBL Sync="TRUE">-130.244711</eastBL><northBL Sync="TRUE">70.104260</northBL><southBL Sync="TRUE">66.888852</southBL></GeoBndBox></geoEle></dataExt></dataIdInfo><mdLang><languageCode value="eng" Sync="TRUE"></languageCode><countryCode value="USA" Sync="TRUE"></countryCode></mdLang><distInfo><distFormat><formatName Sync="TRUE">Raster Dataset</formatName></distFormat></distInfo><mdHrLv><ScopeCd value="005" Sync="TRUE"></ScopeCd></mdHrLv><mdHrLvName Sync="TRUE">dataset</mdHrLvName><refSysInfo><RefSystem><refSysID><identCode code="32608" Sync="TRUE"></identCode><idCodeSpace Sync="TRUE">EPSG</idCodeSpace><idVersion Sync="TRUE">9.8.8(3.0.1)</idVersion></refSysID></RefSystem></refSysInfo><spdoinfo><rastinfo><rasttype Sync="TRUE">Pixel</rasttype><rowcount Sync="TRUE">705</rowcount><colcount Sync="TRUE">636</colcount><rastxsz Sync="TRUE">500.000000</rastxsz><rastysz Sync="TRUE">500.000000</rastysz><rastbpp Sync="TRUE">8</rastbpp><vrtcount Sync="TRUE">1</vrtcount><rastorig Sync="TRUE">Upper Left</rastorig><rastcmap Sync="TRUE">FALSE</rastcmap><rastcomp Sync="TRUE">LZ77</rastcomp><rastband Sync="TRUE">11</rastband><rastdtyp Sync="TRUE">pixel codes</rastdtyp><rastifor Sync="TRUE">FGDBR</rastifor><rastplyr Sync="TRUE">TRUE</rastplyr></rastinfo></spdoinfo><spref><horizsys><planar><planci><plance Sync="TRUE">row and column</plance><coordrep><absres Sync="TRUE">500.000000</absres><ordres Sync="TRUE">500.000000</ordres></coordrep></planci></planar></horizsys></spref><mdDateSt Sync="TRUE">20220303</mdDateSt><spatRepInfo><Georect><cellGeo><CellGeoCd Sync="TRUE" value="002"></CellGeoCd></cellGeo><numDims Sync="TRUE">2</numDims><tranParaAv Sync="TRUE">1</tranParaAv><chkPtAv Sync="TRUE">0</chkPtAv><cornerPts><pos Sync="TRUE">363000.000000 7425000.000000</pos></cornerPts><cornerPts><pos Sync="TRUE">363000.000000 7777500.000000</pos></cornerPts><cornerPts><pos Sync="TRUE">681000.000000 7777500.000000</pos></cornerPts><cornerPts><pos Sync="TRUE">681000.000000 7425000.000000</pos></cornerPts><centerPt><pos Sync="TRUE">522000.000000 7601250.000000</pos></centerPt><axisDimension type="002"><dimSize Sync="TRUE">636</dimSize><dimResol><value Sync="TRUE" uom="m">500.000000</value></dimResol></axisDimension><axisDimension type="001"><dimSize Sync="TRUE">705</dimSize><dimResol><value Sync="TRUE" uom="m">500.000000</value></dimResol></axisDimension><ptInPixel><PixOrientCd Sync="TRUE" value="001"></PixOrientCd></ptInPixel></Georect></spatRepInfo><contInfo><ImgDesc><contentTyp><ContentTypCd Sync="TRUE" value="001"></ContentTypCd></contentTyp><covDim><Band><dimDescrp Sync="TRUE">Band_1</dimDescrp><maxVal Sync="TRUE">80.000000</maxVal><minVal Sync="TRUE">25.000000</minVal><bitsPerVal Sync="TRUE">8</bitsPerVal><valUnit><UOM type="length"></UOM></valUnit></Band><Band><dimDescrp Sync="TRUE">Band_2</dimDescrp><maxVal Sync="TRUE">74.000000</maxVal><minVal Sync="TRUE">19.000000</minVal><bitsPerVal Sync="TRUE">8</bitsPerVal><valUnit><UOM type="length"></UOM></valUnit></Band><Band><dimDescrp Sync="TRUE">Band_3</dimDescrp><maxVal Sync="TRUE">56.000000</maxVal><minVal Sync="TRUE">11.000000</minVal><bitsPerVal Sync="TRUE">8</bitsPerVal><valUnit><UOM type="length"></UOM></valUnit></Band><Band><dimDescrp Sync="TRUE">Band_4</dimDescrp><maxVal Sync="TRUE">58.000000</maxVal><minVal Sync="TRUE">7.000000</minVal><bitsPerVal Sync="TRUE">8</bitsPerVal><valUnit><UOM type="length"></UOM></valUnit></Band><Band><dimDescrp Sync="TRUE">Band_5</dimDescrp><maxVal Sync="TRUE">121.000000</maxVal><minVal Sync="TRUE">2.000000</minVal><bitsPerVal Sync="TRUE">8</bitsPerVal><valUnit><UOM type="length"></UOM></valUnit></Band><Band><dimDescrp Sync="TRUE">Band_6</dimDescrp><maxVal Sync="TRUE">110.000000</maxVal><minVal Sync="TRUE">0.000000</minVal><bitsPerVal Sync="TRUE">8</bitsPerVal><valUnit><UOM type="length"></UOM></valUnit></Band><Band><dimDescrp Sync="TRUE">Band_7</dimDescrp><maxVal Sync="TRUE">95.000000</maxVal><minVal Sync="TRUE">0.000000</minVal><bitsPerVal Sync="TRUE">8</bitsPerVal><valUnit><UOM type="length"></UOM></valUnit></Band><Band><dimDescrp Sync="TRUE">Band_8</dimDescrp><maxVal Sync="TRUE">53.000000</maxVal><minVal Sync="TRUE">10.000000</minVal><bitsPerVal Sync="TRUE">8</bitsPerVal><valUnit><UOM type="length"></UOM></valUnit></Band><Band><dimDescrp Sync="TRUE">Band_9</dimDescrp><maxVal Sync="TRUE">5.000000</maxVal><minVal Sync="TRUE">0.000000</minVal><bitsPerVal Sync="TRUE">8</bitsPerVal><valUnit><UOM type="length"></UOM></valUnit></Band><Band><dimDescrp Sync="TRUE">Band_10</dimDescrp><maxVal Sync="TRUE">205.000000</maxVal><minVal Sync="TRUE">162.000000</minVal><bitsPerVal Sync="TRUE">8</bitsPerVal><valUnit><UOM type="length"></UOM></valUnit></Band><Band><dimDescrp Sync="TRUE">Band_11</dimDescrp><maxVal Sync="TRUE">203.000000</maxVal><minVal Sync="TRUE">160.000000</minVal><bitsPerVal Sync="TRUE">8</bitsPerVal><valUnit><UOM type="length"></UOM></valUnit></Band></covDim></ImgDesc></contInfo></metadata>
