<PAMDataset>
  <Metadata>
    <MDI key="DataType">Generic</MDI>
  </Metadata>
  <PAMRasterBand band="1">
    <Histograms>
      <HistItem>
        <HistMin>-0.5</HistMin>
        <HistMax>80.5</HistMax>
        <BucketCount>81</BucketCount>
        <IncludeOutOfRange>1</IncludeOutOfRange>
        <Approximate>0</Approximate>
        <HistCounts>0|0|0|0|0|0|0|0|0|0|0|0|0|0|0|0|0|0|0|0|0|0|0|0|0|1|5|291|4809|24966|60022|79332|87028|72053|40113|22584|15115|12997|8818|5507|4687|3506|2005|1260|845|618|444|331|312|210|151|60|71|36|10|13|7|8|7|2|5|4|3|2|15|16|9|12|22|22|12|9|7|1|3|5|6|1|1|0|1</HistCounts>
      </HistItem>
    </Histograms>
    <Metadata>
      <MDI key="RepresentationType">ATHEMATIC</MDI>
      <MDI key="STATISTICS_COVARIANCES">8.553783431679832,9.076700849860735,7.572244474910057,8.439562583506042,-37.95855959570001,-25.96384834887434,-11.21275667128451,7.963982377017488,0.08898567864116021,-8.221691341190184,-7.344245354730804</MDI>
      <MDI key="STATISTICS_EXCLUDEDVALUES"></MDI>
      <MDI key="STATISTICS_MAXIMUM">80</MDI>
      <MDI key="STATISTICS_MEAN">32.659228779162</MDI>
      <MDI key="STATISTICS_MEDIAN">32.000000</MDI>
      <MDI key="STATISTICS_MINIMUM">25</MDI>
      <MDI key="STATISTICS_SKIPFACTORX">1</MDI>
      <MDI key="STATISTICS_SKIPFACTORY">1</MDI>
      <MDI key="STATISTICS_STDDEV">2.9246851850549</MDI>
    </Metadata>
  </PAMRasterBand>
  <PAMRasterBand band="2">
    <Histograms>
      <HistItem>
        <HistMin>-0.5</HistMin>
        <HistMax>74.5</HistMax>
        <BucketCount>75</BucketCount>
        <IncludeOutOfRange>1</IncludeOutOfRange>
        <Approximate>0</Approximate>
        <HistCounts>0|0|0|0|0|0|0|0|0|0|0|0|0|0|0|0|0|0|0|1|21|885|9131|28410|59035|77755|80484|63566|37021|22689|17231|12001|9827|9680|6515|4924|3641|1785|1160|765|462|413|312|217|70|69|55|45|19|10|9|9|4|6|3|2|4|8|6|10|18|11|16|13|21|12|5|5|3|5|2|6|0|2|1</HistCounts>
      </HistItem>
    </Histograms>
    <Metadata>
      <MDI key="RepresentationType">ATHEMATIC</MDI>
      <MDI key="STATISTICS_COVARIANCES">9.076700849860735,10.33724552184477,9.264982075614231,10.70977676741896,-41.40685726045902,-27.13063267263401,-11.16185339118817,9.861406193048012,0.07805974992502937,-9.138963824031704,-8.117772392059882</MDI>
      <MDI key="STATISTICS_EXCLUDEDVALUES"></MDI>
      <MDI key="STATISTICS_MAXIMUM">74</MDI>
      <MDI key="STATISTICS_MEAN">26.777126544449</MDI>
      <MDI key="STATISTICS_MEDIAN">26.000000</MDI>
      <MDI key="STATISTICS_MINIMUM">19</MDI>
      <MDI key="STATISTICS_SKIPFACTORX">1</MDI>
      <MDI key="STATISTICS_SKIPFACTORY">1</MDI>
      <MDI key="STATISTICS_STDDEV">3.2151587086557</MDI>
    </Metadata>
  </PAMRasterBand>
  <PAMRasterBand band="3">
    <Histograms>
      <HistItem>
        <HistMin>-0.5</HistMin>
        <HistMax>56.5</HistMax>
        <BucketCount>57</BucketCount>
        <IncludeOutOfRange>1</IncludeOutOfRange>
        <Approximate>0</Approximate>
        <HistCounts>0|0|0|0|0|0|0|0|0|0|0|1|42|304|1194|3969|9992|16879|31769|57266|72453|71687|58500|39235|23716|13892|8944|7461|8868|8411|5241|3542|2485|1120|568|329|171|78|53|19|20|14|11|21|18|15|17|13|14|14|9|8|6|5|3|1|2</HistCounts>
      </HistItem>
    </Histograms>
    <Metadata>
      <MDI key="RepresentationType">ATHEMATIC</MDI>
      <MDI key="STATISTICS_COVARIANCES">7.572244474910057,9.264982075614231,11.07333501987421,13.8095706411893,-14.96719324113537,-9.651963496276782,-2.971777923457706,11.96778746040705,0.06915656162363251,-5.088748760958223,-4.467375840076625</MDI>
      <MDI key="STATISTICS_EXCLUDEDVALUES"></MDI>
      <MDI key="STATISTICS_MAXIMUM">56</MDI>
      <MDI key="STATISTICS_MEAN">21.430206521254</MDI>
      <MDI key="STATISTICS_MEDIAN">21.000000</MDI>
      <MDI key="STATISTICS_MINIMUM">11</MDI>
      <MDI key="STATISTICS_SKIPFACTORX">1</MDI>
      <MDI key="STATISTICS_SKIPFACTORY">1</MDI>
      <MDI key="STATISTICS_STDDEV">3.3276620952065</MDI>
    </Metadata>
  </PAMRasterBand>
  <PAMRasterBand band="4">
    <Histograms>
      <HistItem>
        <HistMin>-0.5</HistMin>
        <HistMax>58.5</HistMax>
        <BucketCount>59</BucketCount>
        <IncludeOutOfRange>1</IncludeOutOfRange>
        <Approximate>0</Approximate>
        <HistCounts>0|0|0|0|0|0|0|1050|1633|3552|11580|16537|24086|38798|51012|55434|51448|42908|34055|25585|19450|14661|10578|8211|5533|5119|4903|5231|5669|4117|2820|1751|1028|585|307|241|153|114|35|13|17|18|10|15|18|13|10|17|11|7|9|14|11|8|3|1|0|0|1</HistCounts>
      </HistItem>
    </Histograms>
    <Metadata>
      <MDI key="RepresentationType">ATHEMATIC</MDI>
      <MDI key="STATISTICS_COVARIANCES">8.439562583506042,10.70977676741896,13.8095706411893,20.29312101988001,-2.613882095440735,2.244737756728922,4.225673197336422,16.07608955033069,0.123752662964619,-2.034382004972334,-1.741379416555786</MDI>
      <MDI key="STATISTICS_EXCLUDEDVALUES"></MDI>
      <MDI key="STATISTICS_MAXIMUM">58</MDI>
      <MDI key="STATISTICS_MEAN">16.719929524064</MDI>
      <MDI key="STATISTICS_MEDIAN">16.000000</MDI>
      <MDI key="STATISTICS_MINIMUM">7</MDI>
      <MDI key="STATISTICS_SKIPFACTORX">1</MDI>
      <MDI key="STATISTICS_SKIPFACTORY">1</MDI>
      <MDI key="STATISTICS_STDDEV">4.5047886764953</MDI>
    </Metadata>
  </PAMRasterBand>
  <PAMRasterBand band="5">
    <Histograms>
      <HistItem>
        <HistMin>-0.5</HistMin>
        <HistMax>121.5</HistMax>
        <BucketCount>122</BucketCount>
        <IncludeOutOfRange>1</IncludeOutOfRange>
        <Approximate>0</Approximate>
        <HistCounts>0|0|66|5968|21465|20567|11433|8062|7021|5505|4578|3984|3382|3602|3749|3383|3385|3080|2352|1938|1791|1719|1769|1691|1709|1759|1688|1727|1758|1832|1977|2103|2172|2375|2480|2585|2543|2897|3036|3132|3198|3504|3664|3899|4018|4414|4514|5013|5490|5817|6396|6611|7160|7759|8178|8668|9139|9731|10119|9960|10053|9728|9438|8844|8162|7447|6860|6463|6019|5641|5374|4979|4728|4561|4421|4411|4279|4073|4004|4013|3891|3721|3606|3482|3336|3094|2927|2719|2478|2141|1903|1656|1301|1158|966|709|536|455|357|269|211|138|115|72|37|34|18|14|6|3|5|2|1|2|1|1|0|0|0|0|1|1</HistCounts>
      </HistItem>
    </Histograms>
    <Metadata>
      <MDI key="RepresentationType">ATHEMATIC</MDI>
      <MDI key="STATISTICS_COVARIANCES">-37.95855959570001,-41.40685726045902,-14.96719324113537,-2.613882095440735,704.807530931755,476.0599541501499,216.4411071975385,-12.07411199356771,0.6881195857881035,112.9789782425431,99.87709393970123</MDI>
      <MDI key="STATISTICS_EXCLUDEDVALUES"></MDI>
      <MDI key="STATISTICS_MAXIMUM">121</MDI>
      <MDI key="STATISTICS_MEAN">46.173415406573</MDI>
      <MDI key="STATISTICS_MEDIAN">53.000000</MDI>
      <MDI key="STATISTICS_MINIMUM">2</MDI>
      <MDI key="STATISTICS_SKIPFACTORX">1</MDI>
      <MDI key="STATISTICS_SKIPFACTORY">1</MDI>
      <MDI key="STATISTICS_STDDEV">26.548211445063</MDI>
    </Metadata>
  </PAMRasterBand>
  <PAMRasterBand band="6">
    <Histograms>
      <HistItem>
        <HistMin>-0.5</HistMin>
        <HistMax>110.5</HistMax>
        <BucketCount>111</BucketCount>
        <IncludeOutOfRange>1</IncludeOutOfRange>
        <Approximate>0</Approximate>
        <HistCounts>414|69703|21201|10481|5274|2857|1977|1675|1631|1557|1588|1711|1849|1889|2251|2567|2782|3096|3451|3720|4033|4386|4657|4849|4863|4907|5065|5121|5518|5615|6171|6635|7109|7732|8455|9110|9618|10160|10754|10973|11383|12030|12157|12127|11664|10790|10314|9652|8941|8396|8054|7453|7234|6550|5710|5110|4333|3535|2907|2285|1837|1465|1279|993|884|696|598|476|379|324|312|229|174|139|121|89|79|67|43|32|34|20|19|16|10|6|4|3|5|5|1|1|0|1|0|2|1|0|1|0|0|1|1|0|1|0|0|0|1|0|1</HistCounts>
      </HistItem>
    </Histograms>
    <Metadata>
      <MDI key="RepresentationType">ATHEMATIC</MDI>
      <MDI key="STATISTICS_COVARIANCES">-25.96384834887434,-27.13063267263401,-9.651963496276782,2.244737756728922,476.0599541501499,371.8681362644424,182.7484715299152,-6.156529104587392,0.5323940816935085,83.1762612500191,73.56102277808911</MDI>
      <MDI key="STATISTICS_EXCLUDEDVALUES"></MDI>
      <MDI key="STATISTICS_MAXIMUM">110</MDI>
      <MDI key="STATISTICS_MEAN">29.264260225701</MDI>
      <MDI key="STATISTICS_MEDIAN">34.000000</MDI>
      <MDI key="STATISTICS_MINIMUM">0</MDI>
      <MDI key="STATISTICS_SKIPFACTORX">1</MDI>
      <MDI key="STATISTICS_SKIPFACTORY">1</MDI>
      <MDI key="STATISTICS_STDDEV">19.283882810898</MDI>
    </Metadata>
  </PAMRasterBand>
  <PAMRasterBand band="7">
    <Histograms>
      <HistItem>
        <HistMin>-0.5</HistMin>
        <HistMax>95.5</HistMax>
        <BucketCount>96</BucketCount>
        <IncludeOutOfRange>1</IncludeOutOfRange>
        <Approximate>0</Approximate>
        <HistCounts>10388|77279|16761|5884|4004|3970|4387|5678|6914|8382|9255|9431|9846|10814|12738|15004|17906|20602|22867|24336|24507|22664|19945|17410|14347|11303|8902|6648|5007|3659|2759|2053|1630|1382|1202|1005|857|767|706|615|548|562|434|425|371|346|252|244|201|209|160|147|103|103|87|78|61|51|32|27|16|22|26|11|9|7|4|2|3|4|3|2|0|2|1|0|3|2|1|1|0|0|0|0|0|1|1|0|1|1|0|0|0|0|1|1</HistCounts>
      </HistItem>
    </Histograms>
    <Metadata>
      <MDI key="RepresentationType">ATHEMATIC</MDI>
      <MDI key="STATISTICS_COVARIANCES">-11.21275667128451,-11.16185339118817,-2.971777923457706,4.225673197336422,216.4411071975385,182.7484715299152,95.37735616164601,-0.6748053237636324,0.2955952894755274,39.34923691294009,34.85530913674627</MDI>
      <MDI key="STATISTICS_EXCLUDEDVALUES"></MDI>
      <MDI key="STATISTICS_MAXIMUM">95</MDI>
      <MDI key="STATISTICS_MEAN">14.406409741737</MDI>
      <MDI key="STATISTICS_MEDIAN">16.000000</MDI>
      <MDI key="STATISTICS_MINIMUM">0</MDI>
      <MDI key="STATISTICS_SKIPFACTORX">1</MDI>
      <MDI key="STATISTICS_SKIPFACTORY">1</MDI>
      <MDI key="STATISTICS_STDDEV">9.766133122257</MDI>
    </Metadata>
  </PAMRasterBand>
  <PAMRasterBand band="8">
    <Histograms>
      <HistItem>
        <HistMin>-0.5</HistMin>
        <HistMax>53.5</HistMax>
        <BucketCount>54</BucketCount>
        <IncludeOutOfRange>1</IncludeOutOfRange>
        <Approximate>0</Approximate>
        <HistCounts>0|0|0|0|0|0|0|0|0|0|60|748|2355|7288|13787|21238|38948|58994|68129|62192|50151|36121|23345|14076|9347|7052|6174|6983|7541|5409|3306|2289|1239|596|409|228|123|36|27|18|19|22|17|17|14|22|10|16|6|15|7|3|1|2</HistCounts>
      </HistItem>
    </Histograms>
    <Metadata>
      <MDI key="RepresentationType">ATHEMATIC</MDI>
      <MDI key="STATISTICS_COVARIANCES">7.963982377017488,9.861406193048012,11.96778746040705,16.07608955033069,-12.07411199356771,-6.156529104587392,-0.6748053237636324,13.66517667580524,0.09064887897168926,-4.150449684136018,-3.634116977241274</MDI>
      <MDI key="STATISTICS_EXCLUDEDVALUES"></MDI>
      <MDI key="STATISTICS_MAXIMUM">53</MDI>
      <MDI key="STATISTICS_MEAN">19.315078727865</MDI>
      <MDI key="STATISTICS_MEDIAN">19.000000</MDI>
      <MDI key="STATISTICS_MINIMUM">10</MDI>
      <MDI key="STATISTICS_SKIPFACTORX">1</MDI>
      <MDI key="STATISTICS_SKIPFACTORY">1</MDI>
      <MDI key="STATISTICS_STDDEV">3.6966439747162</MDI>
    </Metadata>
  </PAMRasterBand>
  <PAMRasterBand band="9">
    <Histograms>
      <HistItem>
        <HistMin>-0.5</HistMin>
        <HistMax>5.5</HistMax>
        <BucketCount>6</BucketCount>
        <IncludeOutOfRange>1</IncludeOutOfRange>
        <Approximate>0</Approximate>
        <HistCounts>386276|60059|1861|167|15|2</HistCounts>
      </HistItem>
    </Histograms>
    <Metadata>
      <MDI key="RepresentationType">ATHEMATIC</MDI>
      <MDI key="STATISTICS_COVARIANCES">0.08898567864116021,0.07805974992502937,0.06915656162363251,0.123752662964619,0.6881195857881035,0.5323940816935085,0.2955952894755274,0.09064887897168926,0.1339494687641224,0.07529130253685649,0.04249740892347944</MDI>
      <MDI key="STATISTICS_EXCLUDEDVALUES"></MDI>
      <MDI key="STATISTICS_MAXIMUM">5</MDI>
      <MDI key="STATISTICS_MEAN">0.14352112047817</MDI>
      <MDI key="STATISTICS_MEDIAN">0.000000</MDI>
      <MDI key="STATISTICS_MINIMUM">0</MDI>
      <MDI key="STATISTICS_SKIPFACTORX">1</MDI>
      <MDI key="STATISTICS_SKIPFACTORY">1</MDI>
      <MDI key="STATISTICS_STDDEV">0.36599107743786</MDI>
    </Metadata>
  </PAMRasterBand>
  <PAMRasterBand band="10">
    <Histograms>
      <HistItem>
        <HistMin>-0.5</HistMin>
        <HistMax>205.5</HistMax>
        <BucketCount>206</BucketCount>
        <IncludeOutOfRange>1</IncludeOutOfRange>
        <Approximate>0</Approximate>
        <HistCounts>0|0|0|0|0|0|0|0|0|0|0|0|0|0|0|0|0|0|0|0|0|0|0|0|0|0|0|0|0|0|0|0|0|0|0|0|0|0|0|0|0|0|0|0|0|0|0|0|0|0|0|0|0|0|0|0|0|0|0|0|0|0|0|0|0|0|0|0|0|0|0|0|0|0|0|0|0|0|0|0|0|0|0|0|0|0|0|0|0|0|0|0|0|0|0|0|0|0|0|0|0|0|0|0|0|0|0|0|0|0|0|0|0|0|0|0|0|0|0|0|0|0|0|0|0|0|0|0|0|0|0|0|0|0|0|0|0|0|0|0|0|0|0|0|0|0|0|0|0|0|0|0|0|0|0|0|0|0|0|0|0|0|2|0|0|0|0|0|0|0|0|0|0|1|1|439|2908|5413|7236|10005|11616|18548|15442|7687|7177|8060|8761|12923|16768|25711|33670|38971|41579|47601|50410|40999|22706|8862|2856|1169|425|238|154|33|5|4</HistCounts>
      </HistItem>
    </Histograms>
    <Metadata>
      <MDI key="RepresentationType">ATHEMATIC</MDI>
      <MDI key="STATISTICS_COVARIANCES">-8.221691341190184,-9.138963824031704,-5.088748760958223,-2.034382004972334,112.9789782425431,83.1762612500191,39.34923691294009,-4.150449684136018,0.07529130253685649,28.45289800420509,25.18916595054244</MDI>
      <MDI key="STATISTICS_EXCLUDEDVALUES"></MDI>
      <MDI key="STATISTICS_MAXIMUM">205</MDI>
      <MDI key="STATISTICS_MEAN">189.82376555601</MDI>
      <MDI key="STATISTICS_MEDIAN">191.000000</MDI>
      <MDI key="STATISTICS_MINIMUM">162</MDI>
      <MDI key="STATISTICS_SKIPFACTORX">1</MDI>
      <MDI key="STATISTICS_SKIPFACTORY">1</MDI>
      <MDI key="STATISTICS_STDDEV">5.3341257956862</MDI>
    </Metadata>
  </PAMRasterBand>
  <PAMRasterBand band="11">
    <Histograms>
      <HistItem>
        <HistMin>-0.5</HistMin>
        <HistMax>203.5</HistMax>
        <BucketCount>204</BucketCount>
        <IncludeOutOfRange>1</IncludeOutOfRange>
        <Approximate>0</Approximate>
        <HistCounts>0|0|0|0|0|0|0|0|0|0|0|0|0|0|0|0|0|0|0|0|0|0|0|0|0|0|0|0|0|0|0|0|0|0|0|0|0|0|0|0|0|0|0|0|0|0|0|0|0|0|0|0|0|0|0|0|0|0|0|0|0|0|0|0|0|0|0|0|0|0|0|0|0|0|0|0|0|0|0|0|0|0|0|0|0|0|0|0|0|0|0|0|0|0|0|0|0|0|0|0|0|0|0|0|0|0|0|0|0|0|0|0|0|0|0|0|0|0|0|0|0|0|0|0|0|0|0|0|0|0|0|0|0|0|0|0|0|0|0|0|0|0|0|0|0|0|0|0|0|0|0|0|0|0|0|0|0|0|0|0|1|1|0|0|0|0|0|0|0|0|0|1|0|1|1|254|3856|6394|9351|11452|15560|20976|10080|8418|9320|11612|16626|23255|33913|42159|46180|51123|53398|42851|21713|6204|1982|999|338|225|117|12|6|1</HistCounts>
      </HistItem>
    </Histograms>
    <Metadata>
      <MDI key="RepresentationType">ATHEMATIC</MDI>
      <MDI key="STATISTICS_COVARIANCES">-7.344245354730804,-8.117772392059882,-4.467375840076625,-1.741379416555786,99.87709393970123,73.56102277808911,34.85530913674627,-3.634116977241274,0.04249740892347944,25.18916595054244,22.61705903585475</MDI>
      <MDI key="STATISTICS_EXCLUDEDVALUES"></MDI>
      <MDI key="STATISTICS_MAXIMUM">203</MDI>
      <MDI key="STATISTICS_MEAN">188.22906909318</MDI>
      <MDI key="STATISTICS_MEDIAN">190.000000</MDI>
      <MDI key="STATISTICS_MINIMUM">160</MDI>
      <MDI key="STATISTICS_SKIPFACTORX">1</MDI>
      <MDI key="STATISTICS_SKIPFACTORY">1</MDI>
      <MDI key="STATISTICS_STDDEV">4.7557395887343</MDI>
    </Metadata>
  </PAMRasterBand>
</PAMDataset>
